generation,candidate,condition,seed,autonomy.policy.params.v0,autonomy.policy.params.k_head,objective_kpi,violations,status,E_batt_Wh,Wh_per_km,flight_time_s
0,0,headwind6,1,16.0,0.6,59.00839315207131,0,LANDED,67.39182826061216,4.139609874739059,1158.3650000021287
0,1,headwind6,1,17.53701436106388,0.6377640421750943,60.30438710489009,0,LANDED,68.65894583875173,4.260318424521657,1074.3650000002951
0,2,headwind6,1,14.714393504413334,0.7301742197674145,59.072786705434375,0,LANDED,67.41969173863782,4.135401647974854,1169.1250000023635
0,3,headwind6,1,19.129600108312328,0.9409491467265272,16.849503716004715,1,LANDED,31.119134908961286,4.703373418117405,455.8449999996557
0,4,headwind6,1,14.311035434063218,0.14444827042342107,66.78145894936783,0,LANDED,75.22095721077837,4.491963789510142,1585.6450000114553
0,5,headwind6,1,14.504141289910354,0.6148773525650076,59.79729405192821,0,LANDED,68.16858150759484,4.145867842348714,1235.345000003809
0,6,headwind6,1,12.0,0.5212350009842835,64.15962605829468,0,LANDED,72.5659603954976,4.357919256018587,1506.4850000097274
0,7,headwind6,1,13.009813726592643,0.33638375230675743,65.58109532775258,0,LANDED,74.00807354833664,4.427475421965238,1571.4850000111462
1,0,headwind6,1,15.550037726544668,0.645560976918595,59.029051479226816,0,LANDED,67.41608373893702,4.1378797762615385,1163.0650000022313
1,1,headwind6,1,16.031629924704585,0.8056503483809089,60.208392516159755,0,LANDED,68.61604915764065,4.246809078068457,1087.9250000005911
1,2,headwind6,1,15.399657020068851,0.8553964423797786,60.06878213261993,0,LANDED,68.41110486969333,4.228484056229315,1095.245000000751
1,3,headwind6,1,14.77178505406189,0.699539206678803,59.39522404349889,0,LANDED,67.73082374893082,4.135033275373048,1182.1050000026469
1,4,headwind6,1,16.60706375426912,0.6599975972051167,59.61617674313649,0,LANDED,67.95178818019497,4.198485513256884,1106.845000001004
1,5,headwind6,1,14.680171654458352,0.5040199276896925,60.2830814485269,0,LANDED,68.68456064655196,4.166867936828182,1281.345000004813
1,6,headwind6,1,15.014515778927688,0.6793743551913665,59.13968761595939,0,LANDED,67.48392868902502,4.133375382522148,1175.8450000025102
1,7,headwind6,1,14.368822541209845,0.613439771293786,59.8360381684817,0,LANDED,68.19983072860231,4.1500802262160725,1243.085000003978
2,0,headwind6,1,15.362605044878725,0.6573956593140651,58.99603825612109,0,LANDED,67.36721801185104,4.1358590059618,1166.165000002299
2,1,headwind6,1,15.47818210234978,0.6779727965686837,58.892160962577044,0,LANDED,67.27358150915362,4.144460282268907,1150.4650000019562
2,2,headwind6,1,15.010569753367966,0.6498906442616392,59.21460428689448,0,LANDED,67.60706886084472,4.136251095156523,1188.0850000027774
2,3,headwind6,1,15.784714186578489,0.7438697662834827,59.581258751127514,0,LANDED,67.93452810124457,4.18981496363872,1115.1050000011844
2,4,headwind6,1,14.684697264092357,0.7450563505078183,59.0496530531237,0,LANDED,67.42073849382308,4.137680631788378,1165.4050000022823
2,5,headwind6,1,16.087253125925333,0.7026359141840725,59.538048340751274,0,LANDED,67.8889972315224,4.187228481482845,1116.005000001204
2,6,headwind6,1,15.504993605999445,0.6392185942841597,58.80858542845644,0,LANDED,67.1761901634471,4.136838774249191,1163.5050000022409
2,7,headwind6,1,16.147634529615207,0.7709004485283862,59.922236700922966,0,LANDED,68.3069019148107,4.23422682776217,1091.5050000006693
3,0,headwind6,1,15.452893011385846,0.6582356845927148,59.00782331074334,0,LANDED,67.39547075104238,4.138037464112476,1162.4050000022169
3,1,headwind6,1,15.513973052970762,0.6208565127099732,59.09416792623509,0,LANDED,67.42684479552341,4.133199799632965,1173.1050000024504
3,2,headwind6,1,15.452131753555017,0.6785436470616736,58.8175377258162,0,LANDED,67.19335809390181,4.143877892415994,1150.4450000019558
3,3,headwind6,1,15.232698592679101,0.6704587315669315,59.17585951970526,0,LANDED,67.52128981335964,4.134837726443622,1169.1250000023635
3,4,headwind6,1,15.526361202625472,0.6797676712075367,59.15491251033842,0,LANDED,67.53440441002026,4.146803145372323,1151.2650000019737
3,5,headwind6,1,15.25051489413645,0.6377660058881963,59.3391115750432,0,LANDED,67.67463158798124,4.134572744030919,1182.0250000026451
3,6,headwind6,1,15.378301673277866,0.6220480223228593,59.33564491005052,0,LANDED,67.65706839382,4.133857550141434,1181.8250000026408
3,7,headwind6,1,15.750169132566311,0.6428947539294806,58.849326356708815,0,LANDED,67.2247063366961,4.143649367874561,1150.4450000019558
4,0,headwind6,1,15.55667321355822,0.6599741457247184,58.83397241116543,0,LANDED,67.22755866074453,4.141707275158957,1153.5450000020235
4,1,headwind6,1,15.810028874166559,0.6916628094146825,59.25147314333959,0,LANDED,67.6002779021924,4.164510780682128,1131.9850000015529
4,2,headwind6,1,15.658009633210206,0.6070899085891988,59.189829582716705,0,LANDED,67.52573889650166,4.132868781621568,1173.1850000024522
4,3,headwind6,1,15.564997849439802,0.6763826143033552,59.17246614443485,0,LANDED,67.56408788350643,4.147111477825859,1151.045000001969
4,4,headwind6,1,15.717307065692967,0.645144376651736,58.998895142015904,0,LANDED,67.37997942394925,4.1421151342551505,1153.8650000020305
4,5,headwind6,1,15.848195031690752,0.6282838024443993,58.9793776591341,0,LANDED,67.3573273841182,4.142033141685736,1153.7250000020274
4,6,headwind6,1,15.450828730067785,0.6824153454394549,58.923855340073075,0,LANDED,67.31353204044176,4.144829748901759,1150.6450000019602
4,7,headwind6,1,15.56452195177027,0.7080315677322044,59.14656159642821,0,LANDED,67.49871970135428,4.1589136634913455,1136.2450000016458
