leg,leg_name,course_mean_deg,t_start_s,t_end_s,duration_s,dist_ground_m,dist_air_m,E_batt_Wh,Wh_per_km,P_batt_mean_W,tas_mean_mps,gs_mean_mps,alt_agl_mean_m,alt_agl_start_m,alt_agl_end_m,tailwind_mean_mps,crosswind_mean_mps,wind_mean_speed_mps,wind_vertical_mean_mps,turb_rms_mps,throttle_mean,rpm_mean,alpha_mean_deg,eta_prop,eta_drive,E_shaft_Wh,E_thrust_Wh,E_drag_Wh,E_wind_Wh,E_avionics_Wh,xtrack_rms_m,alt_err_rms_m,tas_err_rms_mps,soc_start,soc_end,design,direction
-1,,269.452,8.5,8.6,0.1,1.21085,2.03714,0.0252395,20.8444,908.623,20.3862,12.104,25.2352,24.4856,25.2352,-6.8474,-0.065456,6.84772,0,0,1.0,6891.92,-0.0578382,0.75211,0.894588,0.022579,0.0169819,0.00429955,0.000954559,0.000194747,4.67453,0.235186,6.38619,0.993368,0.993265,baseline,up-wind
0,W_END,273.448,8.6,272.7,264.1,2333.85,4519.14,16.3343,6.99888,222.656,17.1108,8.83633,95.1531,25.2352,100.073,-8.24061,0.503112,8.25885,0,0,0.644227,4587.67,1.47033,0.776116,0.803972,13.1323,10.1922,9.09929,0.0447876,0.514476,7.00889,16.0531,0.389066,0.993265,0.927128,baseline,up-wind
1,E_END,89.8181,272.7,453.3,180.6,4471.64,3064.82,10.3008,2.30359,205.332,16.9703,24.7644,99.9701,100.073,99.5368,7.86945,0.0934785,8.33932,0,0,0.637904,4499.09,1.62966,0.77338,0.794342,8.18239,6.32809,6.3276,-0.000570137,0.351886,13.7226,0.852206,0.302023,0.927128,0.885004,baseline,down-wind
2,W_END2,266.236,453.3,977.8,524.5,4629.04,8903.9,29.4663,6.36552,202.247,16.976,8.82411,99.9981,99.5368,99.9725,-8.11528,-0.448796,8.33967,0,0,0.646705,4486.33,1.57982,0.773373,0.792569,23.3541,18.0614,18.0592,0.0020896,1.0218,6.77192,0.675743,0.257973,0.885004,0.762478,baseline,up-wind
3,E_END2,90.239,977.8,1122.9,145.1,3581.01,2470.57,8.36652,2.33636,207.577,17.0267,24.685,99.8998,99.9725,99.7137,7.75012,-0.110845,8.33847,0,0,0.663161,4516.2,1.62218,0.773781,0.79613,6.66084,5.15403,5.16012,-0.000839736,0.282741,15.1548,1.01423,0.386443,0.762478,0.727047,baseline,down-wind
-1,,269.452,8.5,8.6,0.1,1.21085,2.03714,0.0252395,20.8444,908.623,20.3862,12.104,25.2352,24.4856,25.2352,-6.8474,-0.065456,6.84772,0,0,1.0,6891.92,-0.0578382,0.75211,0.894588,0.022579,0.0169819,0.00429955,0.000954559,0.000194747,4.67453,0.235186,6.38619,0.993368,0.993265,optimised,up-wind
0,W_END,273.431,8.6,195.4,186.8,2219.33,3759.9,15.0399,6.77678,289.849,20.1281,11.8809,93.0677,25.2352,99.6372,-8.20578,0.490613,8.22342,0,0,0.735547,5224.76,0.242323,0.787166,0.828418,12.4594,9.80759,8.59258,0.0484744,0.363653,7.94691,19.2888,0.300468,0.993265,0.932232,optimised,up-wind
1,E_END,89.7211,195.4,418.8,223.4,4503.92,2726.5,8.58487,1.90609,138.342,12.2026,20.1624,99.9905,99.6372,100.046,8.00997,0.0764427,8.33957,0,0,0.508302,3603.93,5.84537,0.738451,0.747989,6.42139,4.74188,4.988,-0.000897559,0.436195,7.40558,0.797864,1.03402,0.932232,0.897278,optimised,down-wind
2,W_END2,266.369,418.8,787.3,368.5,4644.99,7627.56,28.4707,6.12933,278.14,20.7001,12.6041,99.9776,100.046,99.9571,-8.05467,-0.458203,8.33942,0,0,0.758025,5256.02,0.130999,0.784188,0.823806,23.4543,18.3926,18.1449,0.00156836,0.717389,8.37239,0.698381,0.790294,0.897278,0.778854,optimised,up-wind
3,E_END2,90.3507,787.3,960.2,172.9,3471.95,2122.59,6.69489,1.92828,139.396,12.2741,20.0829,99.9948,99.9571,100.297,7.88133,-0.0947196,8.3396,0,0,0.527152,3618.41,5.80475,0.738807,0.749496,5.01779,3.70718,3.94448,-0.00119587,0.337641,9.2869,1.03768,1.2099,0.778854,0.750688,optimised,down-wind
