t_s,kind,name,data
0.0,decision,D1_runway,"{""heading_deg"": 270.0, ""reason"": ""into_wind"", ""headwind_mps"": 6.0, ""crosswind_mps"": 0.0}"
0.0,decision,D2_go,"{""wind_mps"": 6.0, ""crosswind_mps"": 0.0}"
2.02,mode,PREFLIGHT->TAKEOFF_ROLL,"{""reason"": ""armed""}"
4.52,mode,TAKEOFF_ROLL->ROTATE,"{""reason"": ""rotate_speed"", ""tas"": 13.4}"
5.04,mode,ROTATE->CLIMB_OUT,"{""reason"": ""airborne"", ""h"": 3.06, ""tas"": 16.3}"
8.62,mode,CLIMB_OUT->MISSION,"{""reason"": ""safe_altitude"", ""h"": 25.0}"
8.62,waypoint,leg_start,"{""leg"": 0, ""name"": ""W_END""}"
198.96,waypoint,reached,"{""leg"": 0, ""name"": ""W_END"", ""dist_m"": 273.1, ""by"": ""radius""}"
198.96,waypoint,leg_start,"{""leg"": 1, ""name"": ""E_END""}"
425.88,waypoint,reached,"{""leg"": 1, ""name"": ""E_END"", ""dist_m"": 275.0, ""by"": ""radius""}"
425.88,waypoint,leg_start,"{""leg"": 2, ""name"": ""W_END2""}"
791.76,waypoint,reached,"{""leg"": 2, ""name"": ""W_END2"", ""dist_m"": 316.8, ""by"": ""radius""}"
791.76,waypoint,leg_start,"{""leg"": 3, ""name"": ""E_END2""}"
962.6,waypoint,reached,"{""leg"": 3, ""name"": ""E_END2"", ""dist_m"": 39.7, ""by"": ""radius""}"
962.6,mode,MISSION->APPROACH,"{""reason"": ""mission_complete""}"
981.72,approach,align_reached,{}
1024.88,approach,final,"{""h"": 44.7, ""xtrack_m"": -0.3}"
1024.88,decision,D9_gust_approach_speed,"{""gust_sigma_mps"": 1.12, ""add_mps"": 1.04, ""v_app_mps"": 13.54}"
1133.12,mode,APPROACH->FLARE,"{""reason"": ""flare_height"", ""h"": 2.96, ""sink_mps"": 0.77, ""tas"": 12.19}"
1136.02,mode,FLARE->ROLLOUT,"{""reason"": ""touchdown"", ""sink_mps"": 1.44, ""tas"": 12.66, ""along_m"": 43.0, ""xtrack_m"": -0.23}"
1136.44,decision,D7_reflare,"{""why"": ""bounce"", ""h"": 0.98}"
1136.44,mode,ROLLOUT->FLARE,"{""reason"": ""bounce""}"
1137.6,mode,FLARE->ROLLOUT,"{""reason"": ""touchdown"", ""sink_mps"": 1.8, ""tas"": 10.24, ""along_m"": 53.5, ""xtrack_m"": -0.51}"
1138.58,decision,D7_reflare,"{""why"": ""bounce"", ""h"": 0.62}"
1138.58,mode,ROLLOUT->FLARE,"{""reason"": ""bounce""}"
1139.0,mode,FLARE->ROLLOUT,"{""reason"": ""touchdown"", ""sink_mps"": 0.82, ""tas"": 7.61, ""along_m"": 61.4, ""xtrack_m"": -0.24}"
1145.1,mode,ROLLOUT->LANDED,"{""reason"": ""stopped"", ""along_m"": 76.3, ""xtrack_m"": 0.27}"
