run_id,point,replicate,seed,param.mission.cruise.airspeed_mps,param.wind.mean.speed_mps,kpi.run_id,kpi.status,kpi.termination,kpi.success,kpi.config_hash,kpi.seed,kpi.sim_time_s,kpi.decisions,kpi.go_arounds,kpi.rtl_reason,kpi.flight_time_s,kpi.air_time_s,kpi.dist_ground_km,kpi.dist_air_km,kpi.E_batt_Wh,kpi.E_chem_Wh,kpi.Wh_per_km,kpi.soc_start,kpi.soc_end,kpi.battery_capacity_Wh,kpi.min_cell_v,kpi.max_i_batt_A,kpi.max_P_batt_W,kpi.mean_P_batt_air_W,kpi.energy_breakdown_Wh.battery_internal_loss,kpi.energy_breakdown_Wh.esc_loss,kpi.energy_breakdown_Wh.motor_copper_loss,kpi.energy_breakdown_Wh.motor_iron_friction_loss,kpi.energy_breakdown_Wh.shaft,kpi.energy_breakdown_Wh.thrust_useful,kpi.energy_breakdown_Wh.propeller_loss,kpi.energy_breakdown_Wh.avionics_servos,kpi.energy_breakdown_Wh.drag_work,kpi.energy_breakdown_Wh.wind_work,kpi.eta.propeller,kpi.eta.motor,kpi.eta.esc,kpi.tracking.xtrack_rms_m,kpi.tracking.xtrack_rms_steady_m,kpi.tracking.alt_err_rms_steady_m,kpi.tracking.tas_err_rms_steady_mps,kpi.tracking.throttle_tv_per_s,kpi.tracking.xtrack_max_m,kpi.tracking.alt_err_rms_m,kpi.tracking.tas_err_rms_mps,kpi.mission_E_Wh,kpi.mission_Wh_per_km,kpi.touchdown.sink_mps,kpi.touchdown.tas_mps,kpi.touchdown.along_runway_m,kpi.touchdown.xtrack_m,kpi.stop.reason,kpi.stop.along_m,kpi.stop.xtrack_m,kpi.wind.mean_speed_mps,kpi.wind.max_speed_mps,kpi.wind.turb_rms_mps,kpi.energy_closure.residual_J,kpi.energy_closure.relative,kpi.wall_time_s,kpi.realtime_factor
p0000_r0,0,0,1,13.0,0.0,p0000_r0,LANDED,landed,True,e39ff8b40f1ec713,1,1340.605,"[""D1_runway"", ""D2_go"", ""D7_reflare""]",0,mission_complete,1338.405000006052,1317.4,17.37862868009565,17.320814001197657,56.89693871626262,57.38973059971204,3.273960205009079,1.0,0.7665565230534458,231.49499999999995,3.944668885029648,58.68261854198761,1412.34319805357,152.98942723319217,0.49269494517325585,1.2136812638909433,1.179939460383716,8.440126092431752,43.44938269910701,31.961099853284882,11.48828284582213,2.6138120449296256,-31.930345208504892,0.0,0.735593876548717,0.8187268594324048,0.9776416478137047,5.914274677838832,0.779753849963492,1.5102088330880703,0.20806894076608431,0.02391703347945639,53.449000572053336,7.404867357673855,0.5886324325824088,52.777449879495535,3.3125194746566287,1.24,12.39,36.7,0.0,stopped,126.3,0.03,0.0,0.0,0.0,0.006240195925087733,2.7117316350004478e-08,78.42,17.1
p0001_r0,1,0,1001,13.0,4.0,p0001_r0,LANDED,landed,True,feb11c4f8580434c,1001,1585.425,"[""D1_runway"", ""D2_go"", ""D7_reflare""]",0,mission_complete,1583.2250000113959,1570.6,17.079017978418232,20.591057335764983,66.85689221952876,67.41060990766366,3.914563021364106,1.0,0.724571855480661,231.49499999999995,3.924616744446803,56.172556884960144,1354.6317442005407,151.40583001329503,0.5534838362482517,1.4301467354137423,1.3608784199581259,10.03537616090497,50.93959431332031,37.68210776704345,13.257486546276866,3.0908991932707757,-37.6728101629772,0.01384306965168605,0.7397410261115853,0.8171797644047727,0.9775719522657661,6.150715892348543,1.377494755159338,1.3869499422234144,0.20470792483760192,0.0238524146968723,59.79219582920226,6.8461430113280946,0.5086104619803427,60.76427479795937,3.8743090163177563,0.88,11.1,21.7,1.07,stopped,61.2,0.61,5.457844705112755,5.585622375423736,0.0,-0.08108939588709063,-2.9877857033876816e-07,92.58,17.1
p0002_r0,2,0,2001,13.0,8.0,p0002_r0,LANDED,landed,True,7871d7df0cba62f0,2001,681.665,"[""D1_runway"", ""D2_go"", ""D5_energy_insufficient"", ""D9_gust_approach_speed""]",0,D5_energy_insufficient,679.4649999994526,672.4,3.5524224759491263,8.90714865331279,29.224383400104294,29.487089937245628,8.226606941590246,1.0,0.8814343456194784,231.49499999999995,4.064863017471093,53.98834602458343,1304.2195054034505,152.92272485204205,0.26219001920812,0.6263541852635307,0.620046879639941,4.319531229316279,22.329406369687643,16.39771887897033,5.931687490717312,1.3290468987803041,-16.43147130300821,0.04204033989035844,0.7343553432405786,0.8188572767414669,0.9775462760510596,13.640897029121335,12.81199114193008,3.060646426345437,0.236425296845514,0.026118058477390477,25.074118443206725,15.382708406628389,0.8126653686190691,13.285871218702948,21.868194153166634,0.2,10.53,28.0,1.39,stopped,38.4,1.22,10.305558649146377,11.142897349996804,0.0,-0.17795347509814974,-1.5036333577225783e-06,35.81,19.0
p0003_r0,3,0,3001,15.0,0.0,p0003_r0,LANDED,landed,True,70be936de9b22339,3001,1168.265,"[""D1_runway"", ""D2_go""]",0,mission_complete,1166.0650000022902,1145.0,17.18586525130337,17.117879553311035,56.3729720142547,56.91868360610944,3.280193996050295,1.0,0.7685221547092145,231.49499999999995,3.9499200195846593,58.682309861256265,1412.3361104997487,174.21977388224025,0.545617531808444,1.1201286566952933,1.1533574146252679,7.951685768823982,43.87078572632296,32.926561479794366,10.944224246528591,2.277017252186037,-32.897738181010865,0.0,0.7505350299672902,0.8281283488936653,0.9792936706335625,7.311477985348836,0.788703152804997,1.5492034827988777,0.17684514457214212,0.02523412959842887,59.439602548680966,7.8710840107565225,0.38512032483269454,52.244106580360985,3.321278749497402,0.36,12.52,34.9,0.69,stopped,121.0,0.12,0.0,0.0,0.0,-0.10621207653989018,-4.480204384926215e-07,59.87,19.5
p0004_r0,4,0,4001,15.0,4.0,p0004_r0,LANDED,landed,True,a304c925b253c604,4001,1324.905,"[""D1_runway"", ""D2_go""]",0,mission_complete,1322.7050000057093,1310.2,16.896356745299087,19.488109196945995,63.60210864408833,64.1965960483756,3.7642498677582514,1.0,0.738068885660463,231.49499999999995,3.9338220023426684,56.17307019172176,1354.643572833561,172.70383406373384,0.5942407196813841,1.2681841932882614,1.2813043202128012,9.063099734233038,49.40726387743148,37.254785329104315,12.152478548327167,2.5822591115992317,-37.2486555946435,0.016670806865926344,0.754034577213691,0.8268767314371968,0.9792168580715193,7.429214660527668,1.2982518480952636,1.5039694955020326,0.16211411274752116,0.024747254543339876,63.267273807340416,7.593262168539918,0.35216006408820544,57.50955849768767,3.7161943331449794,0.7,11.18,37.7,1.0,stopped,72.7,0.31,5.437354458188817,5.593343749365628,0.0,-0.12645083372444788,-4.712286060331218e-07,69.02,19.2
p0005_r0,5,0,5001,15.0,8.0,p0005_r0,LANDED,landed,True,4a4763875621d559,5001,2458.385,"[""D1_runway"", ""D2_go""]",0,mission_complete,2456.1850000304507,2449.2,16.560685705822426,36.21470854620173,116.53772924630613,117.59062519595446,7.037011106691896,1.0,0.5096737218147435,231.49499999999995,3.8019608429315257,53.98860171272698,1304.2255489439056,170.31610885734858,1.0523173506104955,2.3058048175727532,2.279900727160633,16.87302320393634,90.28805325216145,68.48038477973778,21.80766847242367,4.790949838024185,-68.51105401046621,0.03915132401870313,0.7584656254408542,0.8249931202731725,0.9793658051732463,7.160507832293334,2.9683104237450464,1.1550981508546199,0.17429865178162,0.02504457483174795,75.77605971187077,5.677950949625352,0.3167729172951804,102.07493415618619,6.747806907081588,0.46,9.94,29.4,1.26,stopped,39.5,1.12,10.891877533130259,11.186241977130706,0.0,-0.17517609633731013,-3.5509520714473694e-07,130.36,18.9
p0006_r0,6,0,6001,17.0,0.0,p0006_r0,LANDED,landed,True,eeabf7916e6c7f29,6001,1034.505,"[""D1_runway"", ""D2_go""]",0,mission_complete,1032.3049999993705,1010.8,17.00749543294433,16.94143458654552,57.468597979217975,58.1015022597247,3.3790159289355772,1.0,0.7635849142366756,231.49499999999995,3.9393148141380134,58.682968089788965,1412.351217620541,201.26643097708492,0.6328057445376848,1.0629806112064542,1.1716826784045447,7.605740074433286,45.61209899547876,34.70830220920996,10.9037967862688,2.016098472589711,-34.6769121306238,0.0,0.7609450775911535,0.8386192326997342,0.980830789943393,9.630705479559442,0.9340406567529603,1.7543463904614636,0.17076596088131618,0.027099466057339483,73.54569747040783,8.67493525102492,0.3216667302467877,53.37725735689617,3.435483873502096,0.95,12.53,35.2,-0.04,stopped,127.6,0.13,0.0,0.0,0.0,-0.04135559467252392,-1.6548982990590782e-07,52.78,19.6
p0007_r0,7,0,7001,17.0,4.0,p0007_r0,LANDED,landed,True,52c9b9909147cb69,7001,1142.505,"[""D1_runway"", ""D2_go""]",0,mission_complete,1140.3050000017279,1126.8,16.686661519312953,18.715691651312962,63.01738452645658,63.69157460588348,3.7765124230224827,1.0,0.7401871921770433,231.49499999999995,3.9312738522335127,56.17201238981469,1354.6192022890696,198.8236915535863,0.6739460429831587,1.1716729806195323,1.2691718779883556,8.425861795866151,49.924035141894414,38.130577098487684,11.79345804340673,2.226645400260402,-38.1237499603671,0.017226797909996965,0.7637719385084301,0.8373836783023778,0.9807261270801916,9.766588642314645,1.327460157160984,1.680688813784184,0.18300819175481212,0.02713158883250307,72.48109414513578,8.338322306105631,0.3362373352109089,56.87653743867246,3.7341033228884166,0.34,11.46,37.3,0.92,stopped,76.8,0.19,5.417824900805753,5.607643563384265,0.0,-0.10224550331759019,-3.7226755136332493e-07,56.91,20.1
p0008_r0,8,0,8001,17.0,8.0,p0008_r0,LANDED,landed,True,193bed375d567db6,8001,1783.945,"[""D1_runway"", ""D2_go"", ""D9_gust_approach_speed"", ""D7_reflare""]",0,mission_complete,1781.7450000157291,1774.4,16.31232350591129,29.078475074696083,96.60354325156182,97.60048883205597,5.922120366025995,1.0,0.5961427451102709,231.49499999999995,3.844347256964276,53.98563150298914,1304.156855132808,194.69006923594375,0.9963792358768243,1.796857221206985,1.8991543294959865,13.139017087861262,76.29188394122347,58.48648370025214,17.805400240971338,3.4766333088508943,-58.51589673151433,0.03991022622298951,0.7666147521709005,0.8353425785376537,0.9807052846238282,9.465011686377933,2.88381583130737,1.3496594161841982,0.17421682531094843,0.026712563366944702,82.91979192568542,6.833538040573571,0.30771794268845165,82.65219803341077,5.563959123948161,0.96,10.58,29.6,0.8,stopped,41.8,0.91,10.812534636960779,11.22298872358599,0.0,-0.11446551166459074,-2.716500193585477e-07,91.05,19.6
p0009_r0,9,0,9001,19.0,0.0,p0009_r0,LANDED,landed,True,a2e205fd81564e35,9001,927.825,"[""D1_runway"", ""D2_go""]",0,mission_complete,925.6249999992287,904.8,16.839459651106466,16.771122852664185,59.604125697463516,60.359280508911986,3.5395509673344607,1.0,0.7541470574266842,231.49499999999995,3.9247523293122373,58.6832698945529,1412.3581423445478,233.31455618758298,0.7550502162925711,1.0281138213989842,1.2186315263622378,7.345370044720121,48.20393452455297,37.07423069102408,11.129703833528893,1.8080787780177785,-37.04390906749989,0.0,0.7691121286404555,0.849140163266552,0.9822113470349981,13.639658200351237,1.1477312515648566,1.8656097236114888,0.173511466108713,0.027634148456993364,88.52013866197186,9.247325850382355,0.29214672532672725,55.4677805596272,3.614694931818044,0.79,11.53,44.5,0.83,stopped,128.6,0.22,0.0,0.0,0.0,-0.10154094098569999,-3.803989116361965e-07,49.52,18.7
p0010_r0,10,0,10001,19.0,4.0,p0010_r0,LANDED,landed,True,583c3440208d46e3,10001,1006.545,"[""D1_runway"", ""D2_go""]",0,mission_complete,1004.3449999991572,991.0,16.443363386816106,18.092684416114235,63.78324789249148,64.56939991739823,3.8789660236804933,1.0,0.7365047432156169,231.49499999999995,3.916047025383695,56.17287764722223,1354.639128755942,228.77090814368617,0.7859078071602291,1.1096037577652715,1.2912982944013358,7.958778652647471,51.4619717109474,39.68205223597469,11.779919474972715,1.961598286309097,-39.676852326901184,0.01968381316557355,0.7710946727587821,0.8476401776662744,0.9820515342952882,13.081182691649667,1.4365602932916246,1.8633284799313294,0.180045527835143,0.028748423856960456,87.88756432172241,9.064738009515409,0.2871803426389524,57.57415890502535,3.8464774091976164,0.8,10.71,34.0,0.73,stopped,74.1,0.22,5.398615141930828,5.603099201374176,0.0,-0.11772565318885597,-4.1185793580442037e-07,53.59,18.8
p0011_r0,11,0,11001,19.0,8.0,p0011_r0,LANDED,landed,True,78c4c088c9690543,11001,1438.545,"[""D1_runway"", ""D2_go"", ""D9_gust_approach_speed"", ""D7_reflare""]",0,mission_complete,1436.3450000081898,1428.8,16.018877300864457,25.497157776969583,88.60147791505503,89.65275524737716,5.531066644119539,1.0,0.630276735367205,231.49499999999995,3.8701547677449075,53.98609120665111,1304.167445133101,221.4406335582838,1.050723138828359,1.5528482487801987,1.7572386217990545,11.283339716620851,71.20434234764438,55.02702152010832,16.177320827536064,2.803711730761275,-55.062242858005774,0.04516202303289224,0.7728042940337437,0.8452063550867932,0.9819010643535325,12.705926684015676,2.796505087310153,1.5691059563719567,0.19138581579995848,0.028099405225200953,100.5858234351536,7.8716597759502,0.29240383539382175,74.71596230790797,5.14596999396876,1.0,10.73,28.2,0.25,stopped,39.5,0.17,10.744563106707265,11.201245986351122,0.0,-0.09449637310009962,-2.383251192416758e-07,75.91,19.0
p0012_r0,12,0,12001,21.0,0.0,p0012_r0,LANDED,landed,True,6c609beba45c5574,12001,839.285,"[""D1_runway"", ""D2_go""]",0,mission_complete,837.0849999993093,816.8,16.63120882972947,16.56266306284684,62.424436754525566,63.34143971445668,3.7534515616770707,1.0,0.7416554420001291,231.49499999999995,3.902718409113723,58.68270989928615,1412.3452927015965,271.1566720033363,0.9168891838771067,1.0076607318744872,1.2902337195338873,7.122280755855991,51.368704327964615,39.86765739024273,11.501046937721888,1.6355604932878267,-39.83754054674064,0.0,0.776107902891745,0.8592783043941916,0.9834235999437775,18.40888216947276,1.4248023795785294,1.9429960279810392,0.1990289153296387,0.02922365490428649,108.04152467082696,9.645727154486446,0.3361555566289409,58.114584361673884,3.8462963698920314,0.51,10.65,39.1,1.42,stopped,122.3,0.08,0.0,0.0,0.0,-0.10426317072165148,-3.632293486157466e-07,43.39,19.3
p0013_r0,13,0,13001,21.0,4.0,p0013_r0,LANDED,landed,True,05eeee29ef02d634,13001,904.665,"[""D1_runway"", ""D2_go""]",0,mission_complete,902.4649999992498,889.0,16.27578015899874,17.673466368070915,65.96520101571988,66.90886325102898,4.052967069553854,1.0,0.7266807425235866,231.49499999999995,3.9010733812640637,56.17208201058471,1354.6208110959583,263.6666812381536,0.9434108708001216,1.076505089521922,1.3501725762380876,7.640521492289083,54.13484953709286,42.111313859635594,12.023535677457268,1.7631553920558776,-42.10765533666617,0.021622994939612332,0.7778965716119924,0.8575743897795641,0.9832325422178583,17.95190246921356,1.5953360626697877,1.9872017177020955,0.18467604604174723,0.029482835473994672,107.95890354196621,9.708380540629621,0.3027538466837224,59.515927409238756,4.035315028624756,0.54,11.3,35.3,0.94,stopped,75.5,0.27,5.3807157463846975,5.599899911980781,0.0,-0.07762230262711967,-2.558881520195774e-07,47.06,19.2
p0014_r0,14,0,14001,21.0,8.0,p0014_r0,LANDED,landed,True,09059a07768547fe,14001,1247.765,"[""D1_runway"", ""D2_go"", ""D9_gust_approach_speed""]",0,mission_complete,1245.5650000040255,1237.6,15.913540045301925,23.642267745055197,86.63212353245223,87.81634070446722,5.443925316795127,1.0,0.6381299785822304,231.49499999999995,3.8647923748816133,53.99287312325327,1304.3242569173499,250.112753692633,1.1836657879963912,1.4374976835056705,1.7396932239124518,10.32490826388951,70.69791794398505,55.03216195297207,15.665755991012979,2.4321093822159976,-55.06633335046079,0.0461538574621882,0.7784127673544053,0.8542262660606215,0.9829275838250956,17.198981916460145,2.8611124542102493,1.8190514859616602,0.19368680764402782,0.028807190277870636,113.04578531249746,8.764419603099803,0.2934466891970508,72.41369247119964,5.0474594836900515,0.71,11.07,24.5,0.18,stopped,39.5,0.2,10.68269386776245,11.196643796169509,0.0,-0.14173164447387876,-3.5741895309950037e-07,64.18,19.4
