run_id,point,replicate,seed,param.mission.cruise.airspeed_mps,param.wind.mean.speed_mps,leg,leg_name,course_mean_deg,t_start_s,t_end_s,duration_s,dist_ground_m,dist_air_m,E_batt_Wh,Wh_per_km,P_batt_mean_W,tas_mean_mps,gs_mean_mps,alt_agl_mean_m,alt_agl_start_m,alt_agl_end_m,tailwind_mean_mps,crosswind_mean_mps,wind_mean_speed_mps,wind_vertical_mean_mps,turb_rms_mps,throttle_mean,rpm_mean,alpha_mean_deg,eta_prop,eta_drive,E_shaft_Wh,E_thrust_Wh,E_drag_Wh,E_wind_Wh,E_avionics_Wh,xtrack_rms_m,alt_err_rms_m,tas_err_rms_mps,soc_start,soc_end
p0000_r0,0,0,1,13.0,0.0,0,W_END,273.575,9.0,190.6,181.6,2406.53,2415.72,9.22466,3.83317,182.868,13.2991,13.2494,93.1017,24.0959,100.417,0.0,0.0,0.0,0,0,0.553425,3958.7,4.35039,0.745432,0.786655,7.25662,5.40932,-4.30066,0.0,0.353947,5.00451,19.0208,0.962455,0.992488,0.955286
p0000_r0,0,0,1,13.0,0.0,1,E_END,89.8995,190.6,568.2,377.6,4921.04,4922.55,15.8273,3.21626,150.896,13.0364,13.0324,99.9007,100.417,100.688,0.0,0.0,0.0,0,0,0.531225,3765.97,4.70064,0.748025,0.759945,12.0279,8.99717,-8.99541,0.0,0.736166,5.76707,0.92155,0.44482,0.955286,0.890938
p0000_r0,0,0,1,13.0,0.0,2,W_END2,266.486,568.2,945.8,377.6,4918.46,4919.77,15.7851,3.20936,150.493,13.0291,13.0256,99.9226,100.688,100.012,0.0,0.0,0.0,0,0,0.537049,3764.34,4.7066,0.748221,0.759693,11.9918,8.97252,-8.98038,0.0,0.736177,5.81929,0.824322,0.398849,0.890938,0.826029
p0000_r0,0,0,1,13.0,0.0,3,E_END2,90.1274,945.8,1227.0,281.2,3686.69,3688.5,11.9404,3.23877,152.864,13.1171,13.1107,99.7957,100.012,99.9253,0.0,0.0,0.0,0,0,0.547983,3783.59,4.64079,0.749091,0.762283,9.10194,6.81818,-6.81316,0.0,0.54826,6.72304,1.34292,0.650583,0.826029,0.776189
p0001_r0,1,0,1001,13.0,4.0,0,W_END,273.559,8.6,326.6,318.0,2424.8,4185.45,14.7392,6.0785,166.859,13.1598,7.62335,96.0585,24.6891,100.007,-5.50258,0.347392,5.51636,0,0,0.540733,3862.58,4.50565,0.746702,0.774483,11.4152,8.52378,-7.47225,0.0249427,0.619794,4.99754,14.3472,0.728873,0.993131,0.933627
p0001_r0,1,0,1001,13.0,4.0,1,E_END,89.903,326.6,585.0,258.4,4753.81,3383.45,10.9263,2.29842,152.224,13.0939,18.4013,99.8655,100.007,99.6549,5.3385,0.0373259,5.5587,0,0,0.534478,3779.99,4.65289,0.748555,0.76119,8.31696,6.22571,-6.2284,-0.000399524,0.50379,8.03995,1.10743,0.477485,0.933627,0.8891
p0001_r0,1,0,1001,13.0,4.0,2,W_END2,266.402,585.0,1226.0,641.0,4849.84,8350.3,26.6069,5.48613,149.43,13.0269,7.56433,99.928,99.6549,99.7866,-5.44453,-0.314277,5.55922,0,0,0.539395,3757.79,4.68006,0.747913,0.758677,20.186,15.0974,-15.1032,0.00124149,1.24953,4.28526,0.710548,0.317591,0.8891,0.779015
p0001_r0,1,0,1001,13.0,4.0,3,E_END2,90.1217,1226.0,1425.8,199.8,3655.44,2611.79,8.49198,2.32311,153.009,13.072,18.3009,99.8169,99.7866,99.5556,5.26807,-0.051108,5.5583,0,0,0.552507,3781.66,4.70911,0.74855,0.762606,6.47603,4.84763,-4.8498,-0.000380574,0.389577,9.27777,1.27533,0.608998,0.779015,0.743257
p0002_r0,2,0,2001,13.0,8.0,0,W_END,271.759,8.0,291.6,283.6,607.543,3740.19,13.2859,21.8682,168.65,13.1858,2.13967,95.5385,24.0303,99.446,-10.9764,0.348812,11.0206,0,0,0.541724,3873.9,4.48225,0.746259,0.775924,10.3088,7.69306,-6.68251,0.0507442,0.552828,13.6409,15.3827,0.812665,0.993953,0.940353
p0003_r0,3,0,3001,15.0,0.0,0,W_END,273.537,9.4,165.2,155.8,2356.52,2363.71,9.03915,3.8358,208.864,15.1684,15.1231,92.0672,25.103,99.8946,0.0,0.0,0.0,0,0,0.601736,4296.54,2.65798,0.763976,0.799657,7.22822,5.52218,-4.41579,0.0,0.303553,5.83825,20.3005,0.7283,0.992108,0.955621
p0003_r0,3,0,3001,15.0,0.0,1,E_END,89.8875,165.2,488.6,323.4,4859.91,4860.83,15.6679,3.2239,174.411,15.0303,15.0275,99.9456,99.8946,100.167,0.0,0.0,0.0,0,0,0.581465,4120.44,2.82997,0.763783,0.776337,12.1636,9.29032,-9.29216,0.0,0.630215,7.29247,0.737305,0.284878,0.955621,0.891861
p0003_r0,3,0,3001,15.0,0.0,2,W_END2,266.474,488.6,811.8,323.2,4850.71,4851.75,15.6498,3.22629,174.317,15.0117,15.0085,99.9893,100.167,100.02,0.0,0.0,0.0,0,0,0.587563,4116.85,2.84564,0.763045,0.77649,12.1519,9.27246,-9.26851,0.0,0.629828,7.10422,0.813135,0.23116,0.891861,0.827449
p0003_r0,3,0,3001,15.0,0.0,3,E_END2,90.1746,811.8,1055.8,244.0,3662.97,3664.05,11.8873,3.24525,175.386,15.0166,15.0122,99.9811,100.02,100.014,0.0,0.0,0.0,0,0,0.597097,4122.2,2.85762,0.763292,0.777603,9.24356,7.05554,-7.05421,0.0,0.47551,8.37574,0.976077,0.345013,0.827449,0.777798
p0004_r0,4,0,4001,15.0,4.0,0,W_END,273.497,8.6,257.2,248.6,2386.74,3760.73,13.4814,5.64846,195.225,15.1258,9.59911,94.9943,24.0308,99.8964,-5.49181,0.341082,5.50428,0,0,0.592424,4226.97,2.69952,0.764039,0.791382,10.6689,8.15148,-7.05198,0.0279825,0.484351,6.06202,16.31,0.582245,0.993155,0.938689
p0004_r0,4,0,4001,15.0,4.0,1,E_END,89.8772,257.2,488.0,230.8,4681.8,3460.95,11.2109,2.39457,174.867,14.9954,20.2897,99.9396,99.8964,100.196,5.32255,0.0356764,5.55931,0,0,0.582177,4118.72,2.87207,0.763369,0.77682,8.70886,6.64808,-6.64587,-0.000507965,0.449791,8.95888,0.770767,0.228456,0.938689,0.892994
p0004_r0,4,0,4001,15.0,4.0,2,W_END2,266.362,488.0,986.8,498.8,4780.98,7491.19,24.0161,5.02325,173.332,15.0185,9.58282,99.9539,100.196,100.132,-5.41745,-0.306214,5.55943,0,0,0.589521,4113.7,2.82101,0.763537,0.775705,18.6294,14.2242,-14.2241,0.00169455,0.971939,5.73593,0.676043,0.226663,0.892994,0.793739
p0004_r0,4,0,4001,15.0,4.0,3,E_END2,90.1747,986.8,1165.4,178.6,3625.87,2695.01,8.80119,2.42733,177.404,15.0895,20.3076,99.9551,100.132,100.13,5.25393,-0.0447709,5.55941,0,0,0.603741,4141.3,2.82409,0.763545,0.779142,6.85737,5.23591,-5.24091,-0.000683566,0.34809,10.5229,1.06154,0.347059,0.793739,0.75674
p0006_r0,6,0,6001,17.0,0.0,0,W_END,273.534,9.2,144.8,135.6,2309.44,2316.38,9.20261,3.98478,244.317,17.0806,17.0304,90.6227,23.7851,100.3,0.0,0.0,0.0,0,0,0.655646,4673.92,1.45941,0.77653,0.814565,7.49613,5.82097,-4.62322,0.0,0.26417,5.98388,22.4197,0.455414,0.992332,0.95513
p0006_r0,6,0,6001,17.0,0.0,1,E_END,89.8479,144.8,426.0,281.2,4781.44,4782.44,15.9561,3.33708,204.274,17.0072,17.0037,99.9794,100.3,100.708,0.0,0.0,0.0,0,0,0.635771,4499.12,1.5837,0.773323,0.793516,12.6614,9.79136,-9.78768,0.0,0.547856,9.38206,0.852086,0.242192,0.95513,0.890092
p0006_r0,6,0,6001,17.0,0.0,2,W_END2,266.436,426.0,708.0,282.0,4801.15,4802.09,16.0144,3.33554,204.44,17.0287,17.0254,100.018,100.708,100.165,0.0,0.0,0.0,0,0,0.643744,4502.51,1.57471,0.773593,0.793749,12.7114,9.83348,-9.84106,0.0,0.549432,10.4472,0.791478,0.296246,0.890092,0.824048
p0006_r0,6,0,6001,17.0,0.0,3,E_END2,90.2081,708.0,923.0,215.0,3645.0,3646.09,12.2041,3.34818,204.348,16.9586,16.9535,99.9724,100.165,99.9998,0.0,0.0,0.0,0,0,0.652129,4492.1,1.62498,0.773113,0.794086,9.69113,7.49234,-7.4962,0.0,0.418911,10.6464,1.03072,0.342247,0.824048,0.772948
p0005_r0,5,0,5001,15.0,8.0,0,W_END,273.461,8.2,611.6,603.4,2400.71,9084.83,30.3582,12.6455,181.123,15.0551,3.97765,97.8751,24.0858,100.168,-11.0425,0.67664,11.0727,0,0,0.585337,4153.55,2.76565,0.764025,0.781575,23.7272,18.1282,-17.0839,0.0565831,1.17562,6.74994,10.5381,0.432412,0.993792,0.870437
p0005_r0,5,0,5001,15.0,8.0,1,E_END,89.8636,611.6,789.0,177.4,4476.48,2667.06,8.67606,1.93814,176.064,15.0341,25.2459,99.936,100.168,99.2887,10.3946,0.203586,11.1186,0,0,0.590111,4129.94,2.86606,0.763408,0.77785,6.74867,5.15199,-5.17228,0.000574614,0.345735,13.2818,0.876974,0.401158,0.870437,0.834691
p0005_r0,5,0,5001,15.0,8.0,2,W_END2,266.216,789.0,1959.2,1170.2,4656.59,17536.2,55.9386,12.0128,172.089,14.9857,3.97747,99.9639,99.2887,99.767,-10.9556,-0.598932,11.119,0,0,0.604284,4103.88,2.83188,0.763529,0.775134,43.3599,33.1065,-33.0974,0.00260339,2.28008,3.80123,0.464194,0.191372,0.834691,0.597141
p0005_r0,5,0,5001,15.0,8.0,3,E_END2,90.1787,1959.2,2103.0,143.8,3593.34,2161.13,7.10207,1.97645,177.799,15.0285,25.0034,99.895,99.767,100.356,10.197,-0.263815,11.1179,0,0,0.625252,4138.45,2.89071,0.763898,0.780091,5.54026,4.2322,-4.22879,-0.00015452,0.280258,14.8501,0.976132,0.425001,0.597141,0.566202
p0007_r0,7,0,7001,17.0,4.0,0,W_END,273.465,8.8,210.8,202.0,2326.1,3440.1,12.8174,5.51024,228.428,17.0288,11.5142,93.6834,24.6041,99.9009,-5.47778,0.336864,5.48975,0,0,0.645626,4601.39,1.50367,0.775948,0.807117,10.3451,8.02726,-6.88805,0.0300843,0.393503,6.68713,18.2589,0.390429,0.992966,0.941124
p0007_r0,7,0,7001,17.0,4.0,1,E_END,89.8298,210.8,416.2,205.4,4587.61,3507.58,11.784,2.56866,206.535,17.0766,22.34,100.022,99.9009,100.023,5.29307,0.0327235,5.55996,0,0,0.639167,4517.17,1.57016,0.773497,0.794834,9.36632,7.24482,-7.25685,-0.000845484,0.400215,11.4831,0.938749,0.341215,0.941124,0.893032
p0007_r0,7,0,7001,17.0,4.0,2,W_END2,266.32,416.2,823.0,406.8,4713.48,6908.36,22.9168,4.86196,202.803,16.9822,11.5841,99.9892,100.023,100.164,-5.37791,-0.303212,5.55971,0,0,0.643792,4489.66,1.58326,0.773552,0.792839,18.1693,14.0549,-14.0531,0.0013414,0.792536,8.41318,0.681403,0.278344,0.893032,0.798241
p0007_r0,7,0,7001,17.0,4.0,3,E_END2,90.2111,823.0,985.4,162.4,3604.45,2763.66,9.3584,2.59634,207.452,17.0177,22.2016,100.012,100.164,100.494,5.22208,-0.0403617,5.55987,0,0,0.658665,4514.98,1.62037,0.773132,0.79594,7.44872,5.75884,-5.74943,-0.000994367,0.316466,13.1875,1.07239,0.385921,0.798241,0.758868
p0009_r0,9,0,9001,19.0,0.0,0,W_END,273.48,9.2,129.0,119.8,2267.61,2274.05,9.44973,4.16727,283.965,18.9813,18.9287,89.2663,23.8125,99.8278,0.0,0.0,0.0,0,0,0.710364,5054.28,0.61525,0.78597,0.827745,7.82197,6.14783,-4.90406,0.0,0.233377,6.54186,23.9304,0.343294,0.992331,0.954064
p0009_r0,9,0,9001,19.0,0.0,1,E_END,89.8036,129.0,377.4,248.4,4727.33,4727.93,16.6319,3.51825,241.043,19.0337,19.0313,99.9695,99.8278,99.5199,0.0,0.0,0.0,0,0,0.694571,4904.22,0.681839,0.780759,0.810271,13.4764,10.5218,-10.5137,0.0,0.483914,14.1322,0.785334,0.26487,0.954064,0.886121
p0009_r0,9,0,9001,19.0,0.0,2,W_END2,266.404,377.4,626.2,248.8,4720.11,4720.76,16.5758,3.51174,239.843,18.9741,18.9715,99.9672,99.5199,99.9851,0.0,0.0,0.0,0,0,0.701524,4892.51,0.707107,0.780874,0.809942,13.4254,10.4836,-10.4771,0.0,0.484701,13.9936,0.806081,0.234917,0.886121,0.817564
p0009_r0,9,0,9001,19.0,0.0,3,E_END2,90.2928,626.2,817.2,191.0,3630.03,3630.69,12.8103,3.52897,241.451,19.0088,19.0054,99.9557,99.9851,100.048,0.0,0.0,0.0,0,0,0.71447,4903.39,0.705373,0.781227,0.810867,10.3874,8.11495,-8.11568,0.0,0.372112,15.6638,0.955279,0.352158,0.817564,0.763726
p0008_r0,8,0,8001,17.0,8.0,-1,,269.844,8.2,8.4,0.2,2.02008,4.15405,0.0498499,24.6771,897.298,20.7806,10.0682,25.2859,23.6977,25.2859,-9.13277,-0.0249146,9.1328,0,0,1.0,6900.06,-0.247095,0.759102,0.894416,0.0445865,0.0338457,-0.00925054,0.00276919,0.000389677,4.30312,0.285928,6.78062,0.993798,0.993593
p0008_r0,8,0,8001,17.0,8.0,0,W_END,273.427,8.4,398.0,389.6,2346.22,6653.59,23.3317,9.94439,215.591,17.077,6.02106,96.7821,25.2859,100.068,-11.0224,0.668989,11.0482,0,0,0.641024,4554.01,1.4949,0.77529,0.800152,18.6689,14.4738,-13.4073,0.0596741,0.758932,7.49463,13.0692,0.338801,0.993593,0.898894
p0008_r0,8,0,8001,17.0,8.0,1,E_END,89.8345,398.0,558.6,160.6,4369.01,2732.97,9.23475,2.11369,207.006,17.0172,27.2178,99.9113,100.068,100.077,10.3748,0.183953,11.1181,0,0,0.64271,4512.87,1.61731,0.773549,0.795319,7.34457,5.68139,-5.68173,-0.000991177,0.31293,15.7512,1.09689,0.390506,0.898894,0.860962
p0008_r0,8,0,8001,17.0,8.0,2,W_END2,266.169,558.6,1314.2,755.6,4570.31,12835.9,42.3931,9.27576,201.979,16.9877,6.04576,99.9728,100.077,99.5934,-10.8853,-0.581745,11.1192,0,0,0.653941,4486.46,1.56715,0.77349,0.792523,33.5975,25.9873,-25.9883,0.00266629,1.47195,6.29664,0.570217,0.222999,0.860962,0.682712
p0008_r0,8,0,8001,17.0,8.0,3,E_END2,90.2474,1314.2,1446.4,132.2,3567.37,2246.22,7.64281,2.14242,208.125,16.9908,27.0007,99.9811,99.5934,100.26,10.2131,-0.237277,11.1192,0,0,0.672555,4515.81,1.65187,0.773253,0.796668,6.08878,4.70817,-4.70636,-0.000516499,0.257609,16.7642,1.15268,0.390914,0.682712,0.649887
p0010_r0,10,0,10001,19.0,4.0,0,W_END,273.428,8.8,177.8,169.0,2276.21,3206.3,12.605,5.53773,268.51,18.9714,13.4681,92.3613,24.0129,99.9848,-5.46297,0.33188,5.47468,0,0,0.702377,4997.51,0.63399,0.784656,0.822069,10.3622,8.13077,-6.94215,0.0332045,0.32921,7.12905,20.1622,0.264315,0.992973,0.941907
p0010_r0,10,0,10001,19.0,4.0,1,E_END,89.7783,177.8,363.4,185.6,4493.02,3526.06,12.4781,2.77723,242.033,18.9983,24.214,99.9594,99.9848,100.397,5.24628,0.0411866,5.55947,0,0,0.69522,4904.51,0.716216,0.781233,0.810808,10.1174,7.90403,-7.889,-0.00117607,0.361601,15.9158,0.741183,0.3023,0.941907,0.890891
p0010_r0,10,0,10001,19.0,4.0,2,W_END2,266.258,363.4,701.6,338.2,4615.7,6425.91,22.4659,4.86727,239.14,19.0003,13.6446,99.9944,100.397,100.59,-5.33425,-0.307728,5.55975,0,0,0.703103,4893.35,0.682952,0.780605,0.809562,18.1875,14.1973,-14.1965,0.00150976,0.658829,11.2368,0.724989,0.241335,0.890891,0.797776
p0010_r0,10,0,10001,19.0,4.0,3,E_END2,90.2888,701.6,850.2,148.6,3583.08,2822.92,10.0251,2.79789,242.869,18.9966,24.1194,99.864,100.59,99.9795,5.16144,-0.0507757,5.55869,0,0,0.717499,4907.82,0.734361,0.780999,0.8116,8.13635,6.35449,-6.37246,-0.00125934,0.289533,17.5312,1.02702,0.375269,0.797776,0.755506
p0012_r0,12,0,12001,21.0,0.0,0,W_END,273.426,9.4,115.4,106.0,2201.76,2207.49,9.71096,4.41054,329.806,20.8262,20.7734,88.1806,24.8097,99.9593,0.0,0.0,0.0,0,0,0.766082,5438.45,0.0121458,0.793173,0.839904,8.15627,6.46933,-5.18013,0.0,0.206502,7.36258,25.0768,0.597294,0.992122,0.952716
p0012_r0,12,0,12001,21.0,0.0,1,E_END,89.7469,115.4,336.8,221.4,4647.43,4647.92,17.4101,3.74617,283.09,20.9933,20.9911,99.9791,99.9593,100.289,0.0,0.0,0.0,0,0,0.753978,5309.08,0.0448735,0.787312,0.825211,14.367,11.3113,-11.3044,0.0,0.431304,18.4801,0.820567,0.243666,0.952716,0.881411
p0012_r0,12,0,12001,21.0,0.0,2,W_END2,266.37,336.8,557.6,220.8,4647.81,4648.31,17.452,3.7549,284.544,21.0523,21.05,100.003,100.289,99.8283,0.0,0.0,0.0,0,0,0.766259,5322.77,0.030248,0.787669,0.82584,14.4126,11.3524,-11.348,0.0,0.43014,19.2776,0.774649,0.254749,0.881411,0.808958
p0012_r0,12,0,12001,21.0,0.0,3,E_END2,90.3858,557.6,730.2,172.6,3612.23,3612.66,13.5415,3.7488,282.442,20.9306,20.9281,100.028,99.8283,100.369,0.0,0.0,0.0,0,0,0.775697,5299.31,0.0742224,0.787496,0.825416,11.1774,8.80216,-8.81015,0.0,0.336254,21.6441,0.847094,0.305983,0.808958,0.751795
p0011_r0,11,0,11001,19.0,8.0,-1,,271.872,8.4,8.6,0.2,2.18025,4.23956,0.0491331,22.5355,884.395,21.2392,10.8763,25.3788,23.9751,25.3788,-9.13294,0.298559,9.13781,0,0,1.0,6907.39,-0.0538042,0.765448,0.894186,0.0439341,0.0336293,-0.0094324,0.00253171,0.000389713,3.11007,0.378835,7.23923,0.993611,0.99341
p0011_r0,11,0,11001,19.0,8.0,0,W_END,273.378,8.6,294.0,285.4,2278.22,5426.32,20.2133,8.87244,254.968,19.0123,7.98155,95.5248,25.3788,99.9722,-10.9958,0.655794,11.02,0,0,0.697504,4952.57,0.634509,0.783217,0.816522,16.5046,12.9267,-11.8183,0.0646129,0.555926,8.16527,15.412,0.233961,0.99341,0.911324
p0011_r0,11,0,11001,19.0,8.0,1,E_END,89.7513,294.0,439.0,145.0,4230.21,2759.38,9.8194,2.32126,243.792,19.0301,29.1887,100.0,99.9722,100.388,10.3136,0.202986,11.1196,0,0,0.700129,4915.91,0.720052,0.781265,0.811643,7.96985,6.22656,-6.22294,-0.00118478,0.282509,18.5314,0.813949,0.3019,0.911324,0.870992
p0011_r0,11,0,11001,19.0,8.0,2,W_END2,266.061,439.0,987.0,548.0,4465.62,10412.4,36.2408,8.11552,238.078,19.0008,8.14502,99.9947,100.388,99.8778,-10.7923,-0.584536,11.1195,0,0,0.710557,4889.16,0.670778,0.78073,0.809179,29.3253,22.8952,-22.9003,0.00278015,1.06748,8.92097,0.588044,0.214507,0.870992,0.719055
p0011_r0,11,0,11001,19.0,8.0,3,E_END2,90.2961,987.0,1109.2,122.2,3543.09,2332.11,8.39328,2.36891,247.265,19.0844,29.012,99.9254,99.8778,99.8378,10.1253,-0.214088,11.1184,0,0,0.731625,4936.86,0.724718,0.781748,0.813724,6.82981,5.33919,-5.33473,-0.0013443,0.2381,23.1124,1.04212,0.492031,0.719055,0.683186
p0013_r0,13,0,13001,21.0,4.0,0,W_END,273.427,9.0,154.0,145.0,2232.95,3029.15,12.691,5.68351,315.087,20.8909,15.4,91.1058,24.9081,100.282,-5.44838,0.330868,5.46006,0,0,0.760383,5397.71,0.00509957,0.791783,0.835725,10.6062,8.3978,-7.16029,0.0356317,0.28246,7.81748,21.8715,0.407707,0.992769,0.941245
p0013_r0,13,0,13001,21.0,4.0,1,E_END,89.7481,154.0,323.4,169.4,4429.43,3556.51,13.3937,3.02379,284.635,20.9947,26.1542,100.016,100.282,100.098,5.19268,0.0473661,5.55992,0,0,0.755502,5315.5,0.0632634,0.787674,0.825799,11.0605,8.71205,-8.71437,-0.00119498,0.330037,21.2318,0.840098,0.290462,0.941245,0.886349
p0013_r0,13,0,13001,21.0,4.0,2,W_END2,266.207,323.4,612.8,289.4,4534.68,6069.4,22.6052,4.98495,281.198,20.9724,15.6655,99.9724,100.098,99.9243,-5.28314,-0.305348,5.55957,0,0,0.764248,5300.55,0.0397701,0.787253,0.824701,18.6425,14.6764,-14.6765,0.00130154,0.563755,15.8462,0.717911,0.253449,0.886349,0.79235
p0013_r0,13,0,13001,21.0,4.0,3,E_END2,90.371,612.8,749.2,136.4,3551.7,2861.81,10.8261,3.04814,285.733,20.9808,26.0466,99.9467,99.9243,99.7898,5.1061,-0.0648242,5.55935,0,0,0.780353,5317.26,0.0806787,0.78786,0.826601,8.94885,7.05045,-7.0623,-0.00131697,0.265752,24.3164,0.993782,0.282195,0.79235,0.746536
p0014_r0,14,0,14001,21.0,8.0,0,W_END,273.359,8.4,236.8,228.4,2255.52,4769.7,19.0335,8.43861,300.002,20.883,9.875,94.3556,24.3741,100.363,-10.9697,0.650275,10.9932,0,0,0.754502,5348.24,0.0175229,0.789894,0.831065,15.8181,12.4946,-11.3017,0.0720522,0.444905,8.76539,17.4126,0.366463,0.9936,0.916187
p0014_r0,14,0,14001,21.0,8.0,1,E_END,89.7332,236.8,371.0,134.2,4171.66,2821.75,10.7039,2.56586,287.138,21.0265,31.1015,100.05,100.363,99.6733,10.237,0.186869,11.1204,0,0,0.760239,5328.75,0.0753774,0.788432,0.826707,8.84896,6.97681,-6.98595,-0.00199571,0.261467,25.4984,0.931842,0.33123,0.916187,0.872153
p0014_r0,14,0,14001,21.0,8.0,2,W_END2,266.003,371.0,801.6,430.6,4400.1,9033.68,33.5232,7.61875,280.269,20.9793,10.2135,99.9981,99.6733,99.5956,-10.691,-0.575998,11.1196,0,0,0.770666,5298.17,0.0265254,0.786871,0.824457,27.6385,21.7479,-21.744,0.00199858,0.838772,13.2135,0.668141,0.224249,0.872153,0.731516
p0014_r0,14,0,14001,21.0,8.0,3,E_END2,90.3594,801.6,915.6,114.0,3519.29,2394.16,9.1531,2.60084,289.045,21.0015,30.89,99.9749,99.5956,99.4015,10.0761,-0.236986,11.1191,0,0,0.790639,5332.32,0.0945136,0.788125,0.827898,7.57783,5.97228,-5.96958,-0.00180601,0.222124,27.8423,1.05547,0.311608,0.731516,0.692387
